Pollutant:,OC,Unit: grams,,,,,,,,,,,,,,,,,,,,,,,,,,,,,,,,,,
,2015.0,2016.0,2017.0,2018.0,2019.0,2020.0,2021.0,2022.0,2023.0,2024.0,2025.0,2026.0,2027.0,2028.0,2029.0,2030.0,2031.0,2032.0,2033.0,2034.0,2035.0,2036.0,2037.0,2038.0,2039.0,2040.0,2041.0,2042.0,2043.0,2044.0,2045.0,2046.0,2047.0,2048.0,2049.0,2050.0
agriculture and forestry 01T03,0.0,0.0,0.0,0.0,0.0,152370.92731829573,153423.5588972431,154476.19047619047,163349.08136482938,166802.46946564093,168555.2138110603,169928.82452076126,171274.86924768926,172478.43538618032,173810.51836060936,175111.3292439099,174805.05346860524,174912.21465346808,174161.64862322996,173845.14203856845,173477.74534335503,173332.75945310472,173127.31192914123,173137.57265777895,173143.65716566794,173137.33666626088,173064.99467474152,173317.9231674387,173494.07397399264,173746.74487266992,174208.17960600357,175701.24417789938,177202.49483016346,178746.75690934763,180096.51705641524,181466.62541487996
coal mining 05,0.0,0.0,0.0,0.0,0.0,14474397.142857144,14735977.142857144,14898537.369914852,16705897.139251156,14931798.487795074,15636144.52387051,17905108.074193504,18795212.241456546,20412712.764696095,22240876.981947426,22998387.409174338,23169993.0781725,22532074.08854783,22479313.918476637,22670459.716000784,22210328.972549886,22126391.7957304,22392521.506855402,22587482.926010832,23183709.17067537,22689051.089992106,22214678.43952615,21753058.87203886,21760347.68229262,22245475.01461651,22368533.266781725,22521092.80375199,22902875.69044686,23093475.008543726,23156758.657313854,23060744.66933897
oil and gas extraction 06,0.0,0.0,0.0,0.0,0.0,199213161.63410303,202811136.76731795,192159288.96238115,192797960.52631578,208620698.7619686,212207047.0271695,204851800.99916363,208906408.01187673,215479689.4500124,220125826.0251526,226102278.03727916,230385940.50740385,233899499.3090743,235562793.04110286,236199874.0480291,237885999.2102223,237585251.2548183,238121702.5246396,239038238.65179828,239243038.75847983,243202068.96275917,244097187.87424695,246248815.7089776,246839327.49393114,247919372.90351376,249720630.53724068,251727687.55923802,252646202.32882473,251617134.30416092,252772842.84313878,255054975.66249084
other mining and quarrying 07T08,0.0,0.0,0.0,0.0,0.0,0.0,0.0,0.0,0.0,0.0,0.0,0.0,0.0,0.0,0.0,0.0,0.0,0.0,0.0,0.0,0.0,0.0,0.0,0.0,0.0,0.0,0.0,0.0,0.0,0.0,0.0,0.0,0.0,0.0,0.0,0.0
food beverage and tobacco 10T12,0.0,0.0,0.0,0.0,0.0,0.0,0.0,0.0,0.0,0.0,0.0,0.0,0.0,0.0,0.0,0.0,0.0,0.0,0.0,0.0,0.0,0.0,0.0,0.0,0.0,0.0,0.0,0.0,0.0,0.0,0.0,0.0,0.0,0.0,0.0,0.0
textiles apparel and leather 13T15,0.0,0.0,0.0,0.0,0.0,0.0,0.0,0.0,0.0,0.0,0.0,0.0,0.0,0.0,0.0,0.0,0.0,0.0,0.0,0.0,0.0,0.0,0.0,0.0,0.0,0.0,0.0,0.0,0.0,0.0,0.0,0.0,0.0,0.0,0.0,0.0
wood products 16,0.0,0.0,0.0,0.0,0.0,0.0,0.0,0.0,0.0,0.0,0.0,0.0,0.0,0.0,0.0,0.0,0.0,0.0,0.0,0.0,0.0,0.0,0.0,0.0,0.0,0.0,0.0,0.0,0.0,0.0,0.0,0.0,0.0,0.0,0.0,0.0
pulp paper and printing 17T18,0.0,0.0,0.0,0.0,0.0,26814021.208907742,27199183.457051963,28817403.271485474,29862101.011326812,29561605.20029363,29536909.433966093,29650604.037205186,29626612.476056762,29750754.334573068,29953866.392060068,30107479.346209183,30408466.20555273,30698903.795107834,30873025.753438413,31097429.62259889,31312617.175590936,31374435.1767403,31493665.073835097,31796880.633605126,31813443.86769351,32105225.488839634,32511223.750134524,32820853.267998863,33052922.44048856,33179809.485942565,33284860.32016366,33399389.433347262,33393427.833628275,33443071.006604485,33534768.154079095,33644962.055691265
refined petroleum and coke 19,0.0,0.0,0.0,0.0,0.0,13550197.856185798,13589000.44662796,13630846.995756086,12608686.027898468,16497516.507728321,17337296.253477696,18319045.80382815,19075461.380935583,18950506.198025838,18552086.12938742,18447495.390117154,18186917.301118966,18651173.764585502,18756326.182699632,18725127.52643196,19055623.626597613,19087709.378900714,19308517.46249706,19096335.41794828,19110828.709740303,19144404.389686022,18952487.11209389,19125550.54391488,19046328.73025045,19172526.80537252,19232761.770856984,20645384.273192197,20635468.524439342,19755884.33718831,19218763.965247516,19413622.017845046
chemicals 20,0.0,0.0,0.0,0.0,0.0,3183096.8671227945,2223247.2371594044,2081126.891899473,2265409.3941441444,2530935.750599687,2252477.003880049,2062588.7599436801,2151589.5690862536,2250295.541681593,2347552.3950582393,2434189.513380611,2496580.796925542,2555948.379105956,2643254.7686657305,2714911.960102122,2776532.6032180376,2860543.8460329557,2940234.9231319316,3004163.704911582,3051177.241203033,3104597.5961290183,3160363.203025893,3268262.3280764595,3378928.153570757,3463850.123622125,3560294.570405372,3603617.9514031284,3623827.88350763,3641217.1692682863,3700969.828240882,3778312.9175947853
rubber and plastic products 22,0.0,0.0,0.0,0.0,0.0,0.0,0.0,0.0,0.0,0.0,0.0,0.0,0.0,0.0,0.0,0.0,0.0,0.0,0.0,0.0,0.0,0.0,0.0,0.0,0.0,0.0,0.0,0.0,0.0,0.0,0.0,0.0,0.0,0.0,0.0,0.0
glass and glass products 231,0.0,0.0,0.0,0.0,0.0,0.0,0.0,0.0,0.0,0.0,0.0,0.0,0.0,0.0,0.0,0.0,0.0,0.0,0.0,0.0,0.0,0.0,0.0,0.0,0.0,0.0,0.0,0.0,0.0,0.0,0.0,0.0,0.0,0.0,0.0,0.0
cement and other nonmetallic minerals 239,0.0,0.0,0.0,0.0,0.0,37497229.16440292,39238943.82266652,37416071.42857143,39002961.50049358,44375310.50003239,40386044.936257035,37388410.96973597,35531632.318872266,34016913.51429626,33560977.50587517,33042026.139997393,32580206.65592361,32164558.198838625,26684902.509374704,25664928.31029841,24530629.595362745,23448928.337428063,22775983.20469329,22206154.37963463,21284242.014364567,20690998.701786768,20046673.027415827,19490425.118576806,19073538.756743766,18764571.460350912,18280329.680805687,17969394.463997617,17690429.771908496,17393560.408787318,17182998.950704377,17026678.281601734
iron and steel 241,0.0,0.0,0.0,0.0,0.0,7176183.299389002,7258680.244399186,8562413.301662708,8334701.834862386,8079859.860234685,7539897.810215079,6783230.077199743,6500756.200509743,6591324.256395574,6612314.607476141,6536475.123654669,6395091.825526714,6157667.038135082,6157739.750751988,6262344.461248187,6291234.455474196,6357403.413494229,6427597.433669556,6487605.8413470825,6565465.197994477,6621518.262158581,6640477.896615754,6706607.639915418,6830219.946820505,6901818.398873502,6923144.410110446,6902664.74551517,6821859.878013965,6728196.6311501395,6732164.240266814,6795427.820358405
other metals 242,0.0,0.0,0.0,0.0,0.0,590065.3907496013,608057.735247209,616581.9895287958,669712.9175946548,692137.1038650523,684419.7174958035,681398.1613546164,696279.7561001118,721532.8152555118,742296.1777843074,759826.6184961223,769869.9363080864,771471.1809416179,771045.5525459945,772962.685513898,777675.5755023513,785006.9710739978,792910.4961089994,799120.4526350504,803688.3078647025,811628.7651967427,817719.9547739704,822455.9672833811,830257.4891051892,838471.1029651347,842542.8043974207,843892.4202809535,844972.8715372009,847006.1951227273,849150.7649193367,848951.3684719055
metal products except machinery and vehicles 25,0.0,0.0,0.0,0.0,0.0,0.0,0.0,0.0,0.0,0.0,0.0,0.0,0.0,0.0,0.0,0.0,0.0,0.0,0.0,0.0,0.0,0.0,0.0,0.0,0.0,0.0,0.0,0.0,0.0,0.0,0.0,0.0,0.0,0.0,0.0,0.0
computers and electronics 26,0.0,0.0,0.0,0.0,0.0,0.0,0.0,0.0,0.0,0.0,0.0,0.0,0.0,0.0,0.0,0.0,0.0,0.0,0.0,0.0,0.0,0.0,0.0,0.0,0.0,0.0,0.0,0.0,0.0,0.0,0.0,0.0,0.0,0.0,0.0,0.0
appliances and electrical equipment 27,0.0,0.0,0.0,0.0,0.0,0.0,0.0,0.0,0.0,0.0,0.0,0.0,0.0,0.0,0.0,0.0,0.0,0.0,0.0,0.0,0.0,0.0,0.0,0.0,0.0,0.0,0.0,0.0,0.0,0.0,0.0,0.0,0.0,0.0,0.0,0.0
other machinery 28,0.0,0.0,0.0,0.0,0.0,0.0,0.0,0.0,0.0,0.0,0.0,0.0,0.0,0.0,0.0,0.0,0.0,0.0,0.0,0.0,0.0,0.0,0.0,0.0,0.0,0.0,0.0,0.0,0.0,0.0,0.0,0.0,0.0,0.0,0.0,0.0
road vehicles 29,0.0,0.0,0.0,0.0,0.0,0.0,0.0,0.0,0.0,0.0,0.0,0.0,0.0,0.0,0.0,0.0,0.0,0.0,0.0,0.0,0.0,0.0,0.0,0.0,0.0,0.0,0.0,0.0,0.0,0.0,0.0,0.0,0.0,0.0,0.0,0.0
nonroad vehicles 30,0.0,0.0,0.0,0.0,0.0,0.0,0.0,0.0,0.0,0.0,0.0,0.0,0.0,0.0,0.0,0.0,0.0,0.0,0.0,0.0,0.0,0.0,0.0,0.0,0.0,0.0,0.0,0.0,0.0,0.0,0.0,0.0,0.0,0.0,0.0,0.0
other manufacturing 31T33,0.0,0.0,0.0,0.0,0.0,8216042.155009451,8284868.43100189,9008026.66891407,9794254.412036039,9634470.043015378,9373808.54708979,9241128.43611064,9222278.42242154,9255275.712823004,9394039.380463075,9563921.370473865,9729159.568772601,10008600.588077825,10247855.08900834,10495526.468041064,10706634.365186583,10833691.121411642,10996561.655165482,11235227.957741985,11381532.847942011,11601833.923084605,11816201.435164591,11998032.042106014,12141743.06983493,12283322.848238146,12446977.679135822,12730400.107166309,12907397.910251256,13060667.305817343,13229745.525162539,13403075.777424281
energy pipelines and gas processing 352T353,0.0,0.0,0.0,0.0,0.0,48356362.24976168,48170707.34032411,55578456.44253064,60773899.87789988,69793447.77538633,71087186.14285083,71491484.30500613,76174949.0311458,82058000.75549524,82979656.55995594,84308990.46158655,83331696.1485105,81600875.52920215,78674863.62589952,76713187.03049086,75912996.87665987,75836889.5609964,75901009.49014676,74964573.02244048,75307425.55749051,74943477.52883202,74174123.72417772,74104461.87200789,74523591.00483222,74884903.49862938,75292518.23919448,75547550.57657725,75044109.3733428,74733166.21538045,75102804.34374411,75940431.07024825
water and waste 36T39,0.0,0.0,0.0,0.0,0.0,0.0,0.0,0.0,0.0,0.0,0.0,0.0,0.0,0.0,0.0,0.0,0.0,0.0,0.0,0.0,0.0,0.0,0.0,0.0,0.0,0.0,0.0,0.0,0.0,0.0,0.0,0.0,0.0,0.0,0.0,0.0
construction 41T43,0.0,0.0,0.0,0.0,0.0,0.0,0.0,0.0,0.0,0.0,0.0,0.0,0.0,0.0,0.0,0.0,0.0,0.0,0.0,0.0,0.0,0.0,0.0,0.0,0.0,0.0,0.0,0.0,0.0,0.0,0.0,0.0,0.0,0.0,0.0,0.0
